INSERT INTO Owners (Owner_ID, Forename, Surname, Street, Town, County, Phone, Email, Activity)
VALUES (1, 'Conor', 'OBrien', 'Alderwood Road', 'Tralee', 'Kerry', '0863025601', 'conor@hotmail.com', 'A');

INSERT INTO Owners (Owner_ID, Forename, Surname, Street, Town, County, Phone, Email, Activity)
VALUES (2, 'David', 'Herlihy', 'Bog Road', 'Rathmore', 'Kerry', '0878945678', 'david@gmail.com', 'A');

INSERT INTO Owners (Owner_ID, Forename, Surname, Street, Town, County, Phone, Email, Activity)
VALUES (3, 'Mike', 'Edgar', 'Dingle Road', 'Blennerville', 'Kerry', '0854198765', 'mike.edgar@email.com', 'A');

INSERT INTO Owners (Owner_ID, Forename, Surname, Street, Town, County, Phone, Email, Activity)
VALUES (4, 'Jack', 'OHara', 'Avengers Avenue', 'Ballyheigue', 'Kerry', '0898706541', 'jack@laugh.ie', 'A');

INSERT INTO Owners (Owner_ID, Forename, Surname, Street, Town, County, Phone, Email, Activity)
VALUES (5, 'Sully', 'OSullivann', 'Scare Road', 'Ardfert', 'Kerry', '0875609601', 'sully@sullivan.com', 'A');

INSERT INTO Owners (Owner_ID, Forename, Surname, Street, Town, County, Phone, Email, Activity)
VALUES (6, 'Jack', 'Sparrow', 'Dead Mans Peak', 'Limerick City', 'Limerick', '0845689012', 'jack@sparrow.de', 'A');

INSERT INTO Owners (Owner_ID, Forename, Surname, Street, Town, County, Phone, Email, Activity)
VALUES (7, 'Kieran', 'McClure', 'Parkwood Drive', 'Killarney', 'Kerry', '0863987876', 'kieran@mcClure.com', 'A');

INSERT INTO Owners (Owner_ID, Forename, Surname, Street, Town, County, Phone, Email, Activity)
VALUES (8, 'Petrit', 'Krasniqi', 'Fancy Lane', 'Killarney', 'Kerry', '0864325678', 'petrit@students.ie', 'A');

INSERT INTO Owners (Owner_ID, Forename, Surname, Street, Town, County, Phone, Email, Activity)
VALUES (9, 'Darren', 'Godley', 'Racecourse Road', 'Tralee', 'Kerry', '0886319772', 'darren.godley@gmail.com', 'A');

INSERT INTO Owners (Owner_ID, Forename, Surname, Street, Town, County, Phone, Email, Activity)
VALUES (10, 'Jack', 'Godley', 'Swords Road', 'Ballymun', 'Dublin', '0871235689', 'jack@reaper.co.uk', 'A');

INSERT INTO Properties (Prop_ID, RentPerMonth, Bedrooms, Bathrooms, Housetype, Street, Town, County, Activity, Owner_ID)
VALUES (1, 750, 5, 3, 'Detached', 'Cool Road', 'Tralee', 'Kerry', 'A', 1);

INSERT INTO Properties (Prop_ID, RentPerMonth, Bedrooms, Bathrooms, Housetype, Street, Town, County, Activity, Owner_ID)
VALUES (2, 500, 3, 1, 'Semi Detached', 'Princess Street', 'Tralee', 'Kerry', 'A', 1);

INSERT INTO Properties (Prop_ID, RentPerMonth, Bedrooms, Bathrooms, Housetype, Street, Town, County, Activity, Owner_ID)
VALUES (3, 800, 6, 4, 'Detached', 'Racecourse Road', 'Tralee', 'Kerry', 'A', 3);

INSERT INTO Properties (Prop_ID, RentPerMonth, Bedrooms, Bathrooms, Housetype, Street, Town, County, Activity, Owner_ID)
VALUES (4, 100, 1, 1, 'Studio', 'Main Street', 'Killarney', 'Kerry', 'A', 7);

INSERT INTO Properties (Prop_ID, RentPerMonth, Bedrooms, Bathrooms, Housetype, Street, Town, County, Activity, Owner_ID)
VALUES (5, 900, 2, 3, 'Detached', 'Lollipop Lane', 'Mallow', 'Cork', 'A', 4);

INSERT INTO Properties (Prop_ID, RentPerMonth, Bedrooms, Bathrooms, Housetype, Street, Town, County, Activity, Owner_ID)
VALUES (6, 220, 2, 2, 'Apartment', 'College Road', 'Cork City', 'Cork', 'A', 6);

INSERT INTO Properties (Prop_ID, RentPerMonth, Bedrooms, Bathrooms, Housetype, Street, Town, County, Activity, Owner_ID)
VALUES (7, 840, 4, 2, 'Detached', 'Stab Avenue', 'Limerick City', 'Limerick', 'A', 2);

INSERT INTO Properties (Prop_ID, RentPerMonth, Bedrooms, Bathrooms, Housetype, Street, Town, County, Activity, Owner_ID)
VALUES (8, 750, 5, 3, 'Apartment', '12 Cool Road', 'Swords', 'Dublin', 'A', 5);

INSERT INTO Properties (Prop_ID, RentPerMonth, Bedrooms, Bathrooms, Housetype, Street, Town, County, Activity, Owner_ID)
VALUES (9, 460, 4, 4, 'Semi Detached', 'Fancy Avenue', 'Thurles', 'Tipperary', 'A', 5);

INSERT INTO Properties (Prop_ID, RentPerMonth, Bedrooms, Bathrooms, Housetype, Street, Town, County, Activity, Owner_ID)
VALUES (10, 250, 2, 4, 'Condo', 'Rock Street', 'Tralee', 'Kerry', 'A', 9);

INSERT INTO Properties (Prop_ID, RentPerMonth, Bedrooms, Bathrooms, Housetype, Street, Town, County, Activity, Owner_ID)
VALUES (11, 1250, 6, 5, 'House', 'Sunset Boulevard', 'Clifden', 'Galway', 'A', 10);

INSERT INTO Properties (Prop_ID, RentPerMonth, Bedrooms, Bathrooms, Housetype, Street, Town, County, Activity, Owner_ID)
VALUES (12, 70, 1, 1, 'Apartment', '14 Cool Road', 'Swords', 'Dublin', 'A', 8);

INSERT INTO Properties (Prop_ID, RentPerMonth, Bedrooms, Bathrooms, Housetype, Street, Town, County, Activity, Owner_ID)
VALUES (13, 800, 5, 3, 'Condo', 'Flat Street', 'Dingle', 'Kerry', 'A', 4);

INSERT INTO Properties (Prop_ID, RentPerMonth, Bedrooms, Bathrooms, Housetype, Street, Town, County, Activity, Owner_ID)
VALUES (14, 400, 3, 1, 'Apartment', 'Kings Road', 'Dingle', 'Kerry', 'A', 8);

INSERT INTO Properties (Prop_ID, RentPerMonth, Bedrooms, Bathrooms, Housetype, Street, Town, County, Activity, Owner_ID)
VALUES (15, 750, 4, 4, 'Semi Detached', 'Amazing Lane', 'Listowel', 'Kerry', 'A', 7);

INSERT INTO Tenants (Tenant_ID, Forename, Surname, Phone, Email, DOB, Activity, Prop_ID)
VALUES(1, 'John', 'Walsh', '0871234567', 'john@walsh.com', '16-JUN-90', 'A', 2); 

INSERT INTO Tenants (Tenant_ID, Forename, Surname, Phone, Email, DOB, Activity, Prop_ID)
VALUES(2, 'Mike', 'Clarence', '0865421980', 'mike.clarence@email.org', '4-MAY-76', 'A', 4); 

INSERT INTO Tenants (Tenant_ID, Forename, Surname, Phone, Email, DOB, Activity, Prop_ID)
VALUES(3, 'Peter', 'Griffin', '0864319778', 'peter@griffin.ie', '19-JUL-91', 'A', 8); 

INSERT INTO Tenants (Tenant_ID, Forename, Surname, Phone, Email, DOB, Activity, Prop_ID)
VALUES(4, 'Angela', 'Bitter', '0857012398', 'a.bitter@hotmail.com', '18-JAN-84', 'A', 13); 

INSERT INTO Tenants (Tenant_ID, Forename, Surname, Phone, Email, DOB, Activity, Prop_ID)
VALUES(5, 'Louis', 'Peuterschmidt', '0851238976', 'familyguy@hotmail.com', '3-FEB-87', 'A', 11); 

COMMIT;

